{
  "project_info": {
    "project_number": "131972958255",
    "project_id": "gisoun-instagram-clone-app-001",
    "storage_bucket": "gisoun-instagram-clone-app-001.appspot.com"
  },
  "client": [
    {
      "client_info": {
        "mobilesdk_app_id": "1:131972958255:android:6154ccbf6dce24e6cd5eda",
        "android_client_info": {
          "package_name": "com.instaClone.instagram_clone"
        }
      },
      "oauth_client": [
        {
          "client_id": "131972958255-1se7k1bllj8m3jsrs8itc1s656vbuvng.apps.googleusercontent.com",
          "client_type": 3
        }
      ],
      "api_key": [
        {
          "current_key": "AIzaSyDCmMsk-CufV7pAKb7XRyAZbrPS9hI8c9M"
        }
      ],
      "services": {
        "appinvite_service": {
          "other_platform_oauth_client": [
            {
              "client_id": "131972958255-1se7k1bllj8m3jsrs8itc1s656vbuvng.apps.googleusercontent.com",
              "client_type": 3
            }
          ]
        }
      }
    }
  ],
  "configuration_version": "1"
}